{
  "schema": "nova.complete_trip.od_stats.v1",
  "generated_at": "2026-01-06T22:30:33.462520Z",
  "od": {
    "origin": "49035980000",
    "destination": "49035114000"
  },
  "coverage": {
    "temporal": "year-2020",
    "spatial": "Salt Lake 6-county"
  },
  "counts": {
    "linked_trips": 3
  },
  "trip_duration_min": {
    "min": 21.166666666666664,
    "p25": 22.508333333333333,
    "median": 23.85,
    "p75": 24.291666666666668,
    "max": 24.733333333333334
  },
  "transfers": {
    "avg": 1.0,
    "p75": 1,
    "max": 1
  },
  "mode_involvement": {
    "car": 0.0,
    "bus": 0.0,
    "rail": 1.0,
    "walk": 0.0
  }
}