{
  "schema": "nova.complete_trip.od_stats.v1",
  "generated_at": "2026-01-07T01:09:34.818766Z",
  "od": {
    "origin": "49035114000",
    "destination": "49035101402"
  },
  "coverage": {
    "temporal": "year-2020",
    "spatial": "Salt Lake 6-county"
  },
  "counts": {
    "linked_trips": 3699
  },
  "trip_duration_min": {
    "min": 3.566666666666667,
    "p25": 13.558333333333334,
    "median": 17.3,
    "p75": 23.108333333333334,
    "max": 364.1
  },
  "transfers": {
    "avg": 0.0008110300081103001,
    "p75": 0,
    "max": 1
  },
  "mode_involvement": {
    "car": 0.347661530143282,
    "bus": 0.05785347391186807,
    "rail": 0.5047310083806434,
    "walk": 0.0
  }
}