{
  "schema": "nova.complete_trip.od_stats.v1",
  "generated_at": "2026-01-07T23:48:01.008827Z",
  "od": {
    "origin": "49035114000",
    "destination": "49035101402"
  },
  "coverage": {
    "temporal": "year-2020",
    "spatial": "Salt Lake 6-county"
  },
  "counts": {
    "linked_trips": 3699
  },
  "trip_duration_min": {
    "min": 3.566666666666667,
    "mean": 20.770401910426244,
    "p25": 13.558333333333334,
    "median": 17.3,
    "p75": 23.108333333333334,
    "max": 364.1
  },
  "segments": {
    "avg": 1.0008110300081103,
    "p75": 1,
    "max": 2
  },
  "mode_involvement": {
    "car": 0.347661530143282,
    "bus": 0.05785347391186807,
    "rail": 0.5047310083806434,
    "walk": 0.0
  },
  "travel_time_distribution": {
    "bin_width_min": 5,
    "max_time_min": 180,
    "bin_edges_min": [
      0,
      5,
      10,
      15,
      20,
      25,
      30,
      35,
      40,
      45,
      50,
      55,
      60,
      65,
      70,
      75,
      80,
      85,
      90,
      95,
      100,
      105,
      110,
      115,
      120,
      125,
      130,
      135,
      140,
      145,
      150,
      155,
      160,
      165,
      170,
      175,
      180
    ],
    "counts": [
      17,
      266,
      939,
      1095,
      669,
      318,
      152,
      77,
      47,
      29,
      13,
      11,
      6,
      7,
      4,
      7,
      3,
      2,
      2,
      2,
      4,
      3,
      1,
      3,
      1,
      2,
      2,
      1,
      1,
      0,
      1,
      1,
      1,
      0,
      0,
      12
    ]
  }
}