{
  "schema": "nova.complete_trip.od_stats.v1",
  "generated_at": "2026-01-07T01:05:38.564404Z",
  "od": {
    "origin": "49035114000",
    "destination": "49035980000"
  },
  "coverage": {
    "temporal": "year-2020",
    "spatial": "Salt Lake 6-county"
  },
  "counts": {
    "linked_trips": 2503
  },
  "trip_duration_min": {
    "min": 2.6,
    "p25": 12.149999999999999,
    "median": 18.4,
    "p75": 29.683333333333334,
    "max": 737.3833333333333
  },
  "transfers": {
    "avg": 0.0015980823012385138,
    "p75": 0,
    "max": 1
  },
  "mode_involvement": {
    "car": 0.6340391530163804,
    "bus": 0.017179384738314023,
    "rail": 0.2876548142229325,
    "walk": 0.0
  }
}