{
  "schema": "nova.complete_trip.od_stats.v1",
  "generated_at": "2026-01-06T22:32:09.130492Z",
  "od": {
    "origin": "49035980000",
    "destination": "49035110106"
  },
  "coverage": {
    "temporal": "year-2020",
    "spatial": "Salt Lake 6-county"
  },
  "counts": {
    "linked_trips": 1
  },
  "trip_duration_min": {
    "min": 68.13333333333333,
    "p25": 68.13333333333333,
    "median": 68.13333333333333,
    "p75": 68.13333333333333,
    "max": 68.13333333333333
  },
  "transfers": {
    "avg": 1.0,
    "p75": 1,
    "max": 1
  },
  "mode_involvement": {
    "car": 1.0,
    "bus": 0.0,
    "rail": 0.0,
    "walk": 0.0
  }
}