{
  "schema": "nova.complete_trip.od_stats.v1",
  "generated_at": "2026-01-06T22:13:28.875215Z",
  "od": {
    "origin": "49035114000",
    "destination": "49035980000"
  },
  "coverage": {
    "temporal": "year-2020",
    "spatial": "Salt Lake 6-county"
  },
  "counts": {
    "linked_trips": 4
  },
  "trip_duration_min": {
    "min": 35.2,
    "p25": 38.112500000000004,
    "median": 40.21666666666667,
    "p75": 41.65416666666667,
    "max": 42.56666666666666
  },
  "transfers": {
    "avg": 1.0,
    "p75": 1,
    "max": 1
  },
  "mode_involvement": {
    "car": 0.25,
    "bus": 0.0,
    "rail": 1.0,
    "walk": 0.0
  }
}