{
  "schema": "nova.complete_trip.od_stats.v1",
  "generated_at": "2026-01-07T01:15:10.531305Z",
  "od": {
    "origin": "49035980000",
    "destination": "49035110106"
  },
  "coverage": {
    "temporal": "year-2020",
    "spatial": "Salt Lake 6-county"
  },
  "counts": {
    "linked_trips": 85
  },
  "trip_duration_min": {
    "min": 18.316666666666666,
    "p25": 30.816666666666666,
    "median": 44.016666666666666,
    "p75": 66.78333333333333,
    "max": 347.3333333333333
  },
  "transfers": {
    "avg": 0.011764705882352941,
    "p75": 0,
    "max": 1
  },
  "mode_involvement": {
    "car": 0.9882352941176471,
    "bus": 0.0,
    "rail": 0.0,
    "walk": 0.0
  }
}