{
  "schema": "nova.complete_trip.od_stats.v1",
  "generated_at": "2026-01-07T23:54:01.201075Z",
  "od": {
    "origin": "49035980000",
    "destination": "49035110106"
  },
  "coverage": {
    "temporal": "year-2020",
    "spatial": "Salt Lake 6-county"
  },
  "counts": {
    "linked_trips": 85
  },
  "trip_duration_min": {
    "min": 18.316666666666666,
    "mean": 59.4564705882353,
    "p25": 30.816666666666666,
    "median": 44.016666666666666,
    "p75": 66.78333333333333,
    "max": 347.3333333333333
  },
  "segments": {
    "avg": 1.011764705882353,
    "p75": 1,
    "max": 2
  },
  "mode_involvement": {
    "car": 0.9882352941176471,
    "bus": 0.0,
    "rail": 0.0,
    "walk": 0.0
  },
  "travel_time_distribution": {
    "bin_width_min": 5,
    "max_time_min": 180,
    "bin_edges_min": [
      0,
      5,
      10,
      15,
      20,
      25,
      30,
      35,
      40,
      45,
      50,
      55,
      60,
      65,
      70,
      75,
      80,
      85,
      90,
      95,
      100,
      105,
      110,
      115,
      120,
      125,
      130,
      135,
      140,
      145,
      150,
      155,
      160,
      165,
      170,
      175,
      180
    ],
    "counts": [
      0,
      0,
      0,
      3,
      14,
      3,
      3,
      8,
      15,
      7,
      2,
      5,
      2,
      4,
      3,
      1,
      4,
      1,
      1,
      0,
      2,
      1,
      0,
      0,
      0,
      0,
      1,
      0,
      0,
      0,
      0,
      0,
      0,
      0,
      0,
      5
    ]
  }
}