{
  "schema": "nova.complete_trip.od_stats.v1",
  "generated_at": "2026-01-07T02:03:07.201246Z",
  "od": {
    "origin": "49035101402",
    "destination": "49035114000"
  },
  "coverage": {
    "temporal": "year-2020",
    "spatial": "Salt Lake 6-county"
  },
  "counts": {
    "linked_trips": 4076
  },
  "trip_duration_min": {
    "min": 1.9166666666666667,
    "mean": 22.61939810271508,
    "p25": 13.958333333333334,
    "median": 17.883333333333333,
    "p75": 23.816666666666666,
    "max": 763.4833333333333
  },
  "transfers": {
    "avg": 0.0017173699705593719,
    "p75": 0,
    "max": 2
  },
  "mode_involvement": {
    "car": 0.30740922473012755,
    "bus": 0.05176643768400393,
    "rail": 0.5640333660451423,
    "walk": 0.0
  },
  "travel_time_distribution": {
    "bin_width_min": 5,
    "max_time_min": 180,
    "bin_edges_min": [
      0,
      5,
      10,
      15,
      20,
      25,
      30,
      35,
      40,
      45,
      50,
      55,
      60,
      65,
      70,
      75,
      80,
      85,
      90,
      95,
      100,
      105,
      110,
      115,
      120,
      125,
      130,
      135,
      140,
      145,
      150,
      155,
      160,
      165,
      170,
      175,
      180
    ],
    "counts": [
      21,
      252,
      990,
      1186,
      732,
      390,
      187,
      94,
      48,
      42,
      20,
      9,
      17,
      9,
      13,
      10,
      10,
      1,
      2,
      1,
      1,
      1,
      3,
      5,
      2,
      1,
      2,
      1,
      1,
      1,
      0,
      1,
      0,
      0,
      1,
      22
    ]
  }
}